,MHC allele,MHCflurry-BA,MHCflurry-PS,MHCfovea,TransPHLA,NetMHCpan-BA,NetMHCpan-EL
0,HLA-B*57:03,0.8169282372403048,0.8287610545814544,0.8248327599793965,0.7632811738487066,0.7977897991870322,0.820301680293586
1,HLA-B*38:01,0.9183945827126424,0.9482844336239677,0.8791439820287481,0.874407726310816,0.883402175051835,0.9181454881339823
2,HLA-B*13:01,0.676992145201968,0.8049710487137085,0.5471310549725785,0.5444628046660567,0.47568377829415104,0.5802518001611383
3,HLA-C*04:01,0.6435895437666581,0.781270433323894,0.6472024307676738,0.7919747236023499,0.7172628721887246,0.7405658345878038
4,HLA-B*15:02,0.7531289063449672,0.8192468037492682,0.7853725548194179,0.6858704684786183,0.7020617660362696,0.804864561022823
5,HLA-A*34:01,0.8184189279330711,0.8999798242375676,0.7646349443423884,0.5686381799816574,0.6316763013542445,0.7498069238639531
6,HLA-B*27:03,0.8442958264386835,0.7994007702654318,0.6854875283446711,0.7504251700680271,0.7704885165075204,0.8262755102040815
7,HLA-B*58:02,0.6985849899012767,0.7922926959630789,0.8126231470868568,0.643412368512319,0.6616764536187255,0.6268114709574755
8,HLA-B*14:01,0.9898574561403508,0.9928513071895425,0.9898574561403508,0.9149932889822595,0.9764480134158926,0.9858209978070176
9,HLA-B*51:01,0.5281199197445023,0.6329536890994405,0.585992286657234,0.7014330973742027,0.5796701983940338,0.5719329683466965
10,HLA-A*69:01,0.9885717979435095,0.9885239722013707,0.9932182879568193,0.9729336602548102,0.9954759814188803,0.9942087205712007
11,HLA-B*35:01,0.9074829678358858,0.9330136369435947,0.909138868432594,0.9147707881676524,0.9073367088984527,0.9193193052843243
12,HLA-B*40:02,0.6999614442271207,0.7881252330045643,0.7360205900619363,0.6751902393202273,0.608136427242746,0.7187983207204253
13,HLA-B*15:01,0.8469163357663835,0.8900280013706799,0.8716697674164058,0.8062218563483906,0.7786544351283426,0.8672227628751044
14,HLA-B*73:01,0.9722137646750504,0.9755071810858423,0.9762569696222629,0.985717973312209,0.9953996852969036,0.9919057115299956
15,HLA-B*40:06,0.8401952329170389,0.9180633645816797,0.8721933864339827,0.7706033683977335,0.8157712912051034,0.8651493383911202
16,HLA-B*39:01,0.990966560895216,0.9888137737794844,0.9879226907628731,0.9825454656063872,0.9832980439251476,0.9870348517134355
17,HLA-B*41:01,0.9716344116713829,0.9353964849828112,0.9749003117394495,0.9687245716341306,0.9907518239336419,1.0
18,HLA-B*27:06,0.13315789473684211,0.08202436110867566,0.0992376531850216,0.1318148789616181,0.08820281124497992,0.10562705366922234
19,HLA-B*56:01,0.7413674298328434,0.8548277460990162,0.7743551729016316,0.6490878035590849,0.7226146973733126,0.7688338648927739
20,HLA-B*15:18,0.9875954109085935,0.9876546078712066,0.9928647697875803,0.9897477561500665,0.9888305752562807,0.99604567123838
21,HLA-A*30:02,0.7772524975410083,0.8376825429053228,0.7132445440417582,0.5815183418359816,0.6690084731768422,0.7689573074676995
22,HLA-C*07:01,0.5812225884070549,0.7431598003077963,0.6212969468640741,0.7297727391279797,0.6235428456968625,0.6324872588764259
23,HLA-A*29:02,0.7920754637271418,0.8209386236056373,0.7985540628385622,0.7119278924007192,0.7625379244731153,0.7764656487081508
24,HLA-A*68:02,0.7113838307111623,0.8213096656951804,0.7704449934352451,0.7352935935068863,0.7113261613843377,0.7768572288980816
25,HLA-B*18:03,0.9072608541191429,0.9492627322172777,0.9273827182918092,0.8871815053633235,0.8932707590741418,0.949919917996028
26,HLA-C*08:02,0.698366035238601,0.8014343186356794,0.7309334642500472,0.740811804665209,0.7034064659862994,0.7359612194595821
27,HLA-A*24:07,0.8860206957757728,0.9325793721941116,0.9069787305451641,0.7795254339444782,0.8346221388148546,0.8905435398279579
28,HLA-C*06:02,0.6869628765192065,0.7995379372575637,0.7180575749983741,0.718414226003924,0.6585673722197957,0.7041146276179532
29,HLA-B*49:01,0.8660604092550994,0.8559717570457186,0.8766533512645321,0.8392185920122117,0.8034847742888614,0.8787154124041264
30,HLA-B*37:01,0.7176662897690878,0.839147253230649,0.31888729786939474,0.7806093500199838,0.6997680065828599,0.7482360679644
31,HLA-A*02:07,0.7480638673072049,0.8082982795869404,0.8193586164363169,0.729982818738467,0.7888604599083039,0.8476262690215131
32,HLA-A*02:20,0.984866528205687,0.9901924659341809,0.9928433697583834,0.988021010608712,0.9823718685824455,0.994282248312802
33,HLA-B*15:11,0.9893519862407867,0.9880943551225521,0.9875771367647065,0.9884907887088797,0.971456975040285,0.9847717915222445
34,HLA-B*35:08,0.9593884610537988,0.9700193469586866,0.9561010012218012,0.9665232958777474,0.9659359427743408,0.9689961975261593
35,HLA-B*15:09,1.0,1.0,1.0,1.0,1.0,1.0
36,HLA-B*27:05,0.6751664410541328,0.7192462280402991,0.758552014070635,0.5735083191422119,0.6431666886251465,0.6671728082065556
37,HLA-B*52:01,0.6465175892591615,0.7204566832708446,0.5581297043635174,0.4866433615974865,0.47759050651492024,0.5886747987853167
38,HLA-B*44:03,0.9503868423940802,0.9361024738386058,0.9604885996641362,0.949661543333142,0.9251495177446292,0.9609700597489965
39,HLA-C*02:02,0.6284764053320684,0.8154802540152803,0.6663788217288464,0.778230817545553,0.6393469492639304,0.6924225681673601
40,HLA-C*12:03,0.6429866447062222,0.8276460199694673,0.7020499948158276,0.6352880122225184,0.6547858321362049,0.7037113612275778
41,HLA-A*24:03,1.0,1.0,1.0,0.75,1.0,1.0
42,HLA-B*40:01,0.8171309574145087,0.8562681040357693,0.8489348347539852,0.7555846560927575,0.7915850971157287,0.8424648352605599
43,HLA-B*15:03,0.789696469892421,0.8670275814880205,0.811609596447942,0.4812618255351849,0.6740112202701836,0.8267703354157685
44,HLA-B*18:01,0.8955356733214692,0.917832984784193,0.9241154033066521,0.8810981872912432,0.874975652950423,0.8947218011269318
45,HLA-C*03:04,0.7035805196313578,0.8544247600530889,0.7350052572960806,0.7390016651516869,0.7217306818285508,0.7534104064835435
46,HLA-B*27:07,1.0,1.0,1.0,1.0,1.0,1.0
47,HLA-A*33:01,0.8312128940760802,0.9103715530776713,0.7721361737233118,0.6800561060854732,0.7904682471021698,0.8563417901746161
48,HLA-B*46:01,0.7483234392809339,0.8612928742338124,0.8019571530763783,0.6057208217862501,0.587963662679856,0.6557466875585046
49,HLA-B*08:01,0.9674965230705624,0.9621228303512053,0.9730771585740513,0.9419832118454393,0.9311114070654058,0.9665367821261774
50,HLA-A*66:01,0.8515790685846963,0.9087468921655787,0.8179307956001433,0.6348187988871954,0.741124755546844,0.7714497367949553
51,HLA-B*55:01,0.8126860769814379,0.9051560271057534,0.813501889022135,0.6963311902731864,0.7605279319046616,0.8373700510693324
52,HLA-A*11:01,0.6563286356922269,0.7989524214394331,0.701285387577754,0.65288361810805,0.6754742090055119,0.7013925334029839
53,HLA-A*31:01,0.9239897757551211,0.9348509411069578,0.9419530143030989,0.8817365665277433,0.9288161763373853,0.9417334497769292
54,HLA-B*54:01,0.6873370002522219,0.7591879559205363,0.7512192573602882,0.6145323487569537,0.7288878490910686,0.7138328345141367
55,HLA-A*26:03,1.0,1.0,1.0,0.6666666666666666,1.0,1.0
56,HLA-A*11:02,0.7927345420953951,0.9245828413487887,0.8286255698793666,0.7348995227489283,0.7930329807815618,0.8308258938887065
57,HLA-B*57:01,0.8794214245812602,0.8887917035635512,0.8973669210810657,0.8701639635922227,0.8703527534576331,0.8883732392958983
58,HLA-C*03:02,0.8027823551927701,0.8970120819960753,0.8124471623921101,0.6520630238719816,0.7768315210927417,0.7838009830078635
59,HLA-B*35:03,0.8954065834420677,0.9220056017405829,0.8861753786269692,0.865388810261728,0.895590355561402,0.9059515434287487
60,HLA-A*36:01,0.7973543798981962,0.8251367874936797,0.7560515097178188,0.6097785951130343,0.7711817391708994,0.7875171210073758
61,HLA-A*32:01,0.758736864053393,0.8584587293920793,0.7863472910520531,0.71063813240138,0.7156752447348672,0.793121952696747
62,HLA-C*05:01,0.7913826457252227,0.8678860734404339,0.8015886462102408,0.7463366857415527,0.7471534247451889,0.793304559388836
63,HLA-A*02:03,0.7892356988718439,0.8675164732319417,0.8255300825626991,0.6910799648164548,0.807011967082253,0.8240423920422829
64,HLA-A*02:11,0.712130178775555,0.8656601271918868,0.7785101922926418,0.6633788083596613,0.686246860954077,0.7662276082646577
65,HLA-A*02:01,0.809267397723399,0.8589421625747187,0.8419256105293942,0.8179918426564301,0.7713243504134302,0.8377509362196689
66,HLA-C*04:03,0.7909500936338467,0.9022156351253335,0.5608358132058996,0.7260842615415843,0.762404600446191,0.8148821288346788
67,HLA-A*33:03,0.7814873194191267,0.8958261512303172,0.7504917379461392,0.6592072488673727,0.7056116515560308,0.8109090832882767
68,HLA-A*30:01,0.5711061330225305,0.7819288649613262,0.60442059148626,0.5006477523191443,0.47850204149461634,0.5817978939755993
69,HLA-C*07:04,0.5993595508452878,0.7875264643977392,0.5324352415172775,0.6679439685182116,0.526555014297112,0.5672951270331803
70,HLA-B*27:04,0.986024366129965,0.9932427697609965,0.9887891699229585,0.9841905784897943,0.9692327543222141,0.9855705775284732
71,HLA-A*68:01,0.8104562082760045,0.8671848696174996,0.8078388579826263,0.7902893082775245,0.7742565090715229,0.839911416071673
72,HLA-B*39:06,0.9846358809736596,0.9722359608215347,0.9860091390951743,0.9857274332386097,0.9741977417925971,0.9815957642656032
73,HLA-B*13:02,0.8008501521335396,0.8560469216124978,0.7907522024875264,0.7951305658773136,0.759385812772654,0.8295330935620552
74,HLA-B*39:24,0.9995077838827838,0.9984665104580953,0.9987911936406791,0.98657051520535,0.9828406666665013,0.9992537993738071
75,HLA-B*55:02,0.7824909192833405,0.9176774303334785,0.8234668638456957,0.696245393408803,0.7627651266918476,0.8332400053177837
76,HLA-A*03:01,0.8796867725808222,0.8916695079911898,0.9002322838304005,0.8670363725539258,0.8675156675810507,0.8903107846856744
77,HLA-B*45:01,0.840739903133315,0.9123909571623917,0.8583990576700252,0.7964952432290954,0.8386174172653533,0.8471620169302044
78,HLA-A*26:02,0.7736263736263735,0.8579166666666667,0.9055555555555554,0.9380952380952381,0.909433962264151,0.8761006289308175
79,HLA-C*17:01,0.7178472383008248,0.7774176003122685,0.7956138671348265,0.5846880466128125,0.6680164043586768,0.7438917883108946
80,HLA-A*01:01,0.9113474391349556,0.9479138150583272,0.9229397503679118,0.9302984667729671,0.8717632649506736,0.896431040188836
81,HLA-B*44:02,0.9409234058609621,0.9358957493497153,0.9563175806381536,0.9529365855057678,0.9368139586009785,0.9593100593029944
82,HLA-C*16:01,0.4946149065296611,0.7142315360202833,0.5608131543056433,0.5791283007645143,0.5002328676353599,0.5202515596027663
83,HLA-B*27:02,1.0,1.0,1.0,1.0,1.0,1.0
84,HLA-A*34:02,0.7401639553553243,0.8699436722574859,0.7804816978359402,0.6567685962511379,0.6750690274950395,0.7359317948323092
85,HLA-A*80:01,0.125,0.16666666666666666,0.125,0.625,0.125,0.125
86,HLA-B*07:04,0.8407810256311886,0.9064036774115367,0.7958466499263017,0.7241012227052631,0.7558712708051507,0.8470887823077599
87,HLA-C*15:02,0.7008088333872753,0.8300348923834032,0.7350537801760599,0.6648896315739329,0.7053553734580456,0.7420507427127168
88,HLA-B*50:01,0.8549820323052051,0.904015656354399,0.8552739116377154,0.8413875470442993,0.8694100783661229,0.8765636832733698
89,HLA-A*02:04,0.7259259892928439,0.8257050719795294,0.7415076115286159,0.7136649404480397,0.7414992649925813,0.7954447008011157
90,HLA-C*12:02,0.7587161429975914,0.8638457537785549,0.7929347952355742,0.5556527606757535,0.6475784635562993,0.6816553226295025
91,HLA-B*07:02,0.8337385143614363,0.8604626536999966,0.8444357281358426,0.837866739319665,0.8369062122687064,0.8567894607472389
92,HLA-A*26:01,0.8669797020932006,0.9097484321162398,0.8668034052571435,0.7253357038937521,0.8604730916547669,0.8631992751059407
93,HLA-A*23:01,0.8313275724456264,0.8840649270966183,0.8394092184543118,0.7231362128364399,0.7746635214725959,0.8341876256333342
94,HLA-B*42:01,0.8018941024638235,0.9005824527584907,0.7832731182924045,0.5418269098521168,0.7481112333066393,0.8254229634025753
95,HLA-A*24:02,0.94670095657826,0.9582312550902895,0.9521051460535924,0.9269816732734377,0.9094511457521492,0.9358059776514959
96,HLA-C*14:03,0.8426397875645882,0.9175789314357805,0.8376429333787687,0.7378833042618841,0.8215306642349588,0.8361151185853972
97,HLA-C*07:02,0.7317953092424045,0.8324133952233848,0.7680747172186099,0.7134400300038686,0.6914806630437778,0.7470478117470427
98,HLA-A*02:02,0.7435128904667082,0.8665466008042595,0.7777075887219775,0.6979767855179947,0.7607216033645691,0.8340793628671904
99,HLA-B*14:02,0.729926243055094,0.8199080095563063,0.7472470110524783,0.7559406598888065,0.7157987076948549,0.7597715289011415
100,HLA-C*03:03,0.6079964034239633,0.7339428484894179,0.6136949463413213,0.596601326326401,0.589500376859587,0.6268311023457884
101,HLA-A*02:05,0.5807727862081816,0.796354879900058,0.6503693328599174,0.6671844907739445,0.6033741290087167,0.7449482026241842
102,HLA-B*53:01,0.8826666530760152,0.9310689025843224,0.8534666722138947,0.7361885805382884,0.8285953035213187,0.8728287166197776
103,HLA-A*02:17,0.25,0.125,0.125,1.0,0.16666666666666666,0.16666666666666666
104,HLA-B*38:02,0.8838396482732654,0.9354845326952427,0.8442145586374732,0.8351836125831713,0.8481214883356019,0.8729799143697705
105,HLA-A*02:06,0.6546986804982786,0.8290471914908962,0.7366440157034354,0.6892422542498204,0.6497009994794777,0.7952003297227392
106,HLA-A*74:01,0.8019398600765596,0.8414369809783837,0.8480896375061742,0.6761176064134895,0.7749276997692695,0.8229807442794087
107,HLA-B*35:07,0.8954922941320312,0.9411780998493554,0.9029799738412104,0.7751269768140885,0.870397238273671,0.9112503293468771
108,HLA-B*58:01,0.8494174183642624,0.902856533594662,0.8570978159217313,0.7840703673382184,0.8385156378751769,0.8426634612895241
109,HLA-A*25:01,0.7461601410560088,0.837532318144177,0.7409501578457393,0.49011529888804,0.650930007001377,0.7325426074497433
110,HLA-C*14:02,0.7728988162900069,0.8946781615620432,0.7732193210498871,0.6733852674127774,0.7809504684245228,0.7540497359509525
111,HLA-B*15:17,0.8324849637049669,0.8972178330927891,0.7414571474052662,0.5956852566958167,0.7527281652515697,0.7856406590419773
112,HLA-B*15:10,0.9291295941017753,0.9549547324316532,0.880666687443553,0.7876559196925909,0.9087325578098865,0.9299581359579149
113,HLA-C*01:02,0.7574483404321564,0.7263492356048088,0.7582832340142014,0.6441594233583429,0.725700632196431,0.7415187510850998
114,HLA-C*08:01,0.7584000413976728,0.8413594245655522,0.4941366956346755,0.6332207027597024,0.6815360301125274,0.7076918160711329
