,MHC,MHCflurry-BA,MHCflurry-PS,MHCfovea,NetMHCpan-EL,NetMHCpan-BA,TransPHLA
0,HLA-A*02:20,0.9868967721316715,0.9878555449025248,0.9900926813678491,0.991690635985938,0.9674017257909876,0.9872163630552893
1,HLA-A*24:03,1.0,1.0,1.0,1.0,1.0,0.9912280701754386
2,HLA-A*03:01,0.981480340789337,0.9783941638341769,0.9846908257016905,0.9737658260727591,0.9619098155047274,0.9741446870408026
3,HLA-A*02:04,0.9385752549706398,0.9243973421242402,0.9328512928814258,0.7831461831667869,0.792424281446379,0.891650355413619
4,HLA-B*13:02,0.9941345011917582,0.9921299113309766,0.9906276039431833,0.9956354244237068,0.9833211435341929,0.9921796302089245
5,HLA-B*15:11,0.9879251700680272,0.9836734693877551,0.9891156462585033,0.9791666666666667,0.9607142857142857,0.9912414965986394
6,HLA-B*35:01,0.9640872369140587,0.9635619405256736,0.9703382639358438,0.9501318628626227,0.9460392652315749,0.9504322246436739
7,HLA-B*50:01,0.9974474841473763,0.9965244451333289,0.9972870204221139,0.9981270952190753,0.9975234932803952,0.9945859638454858
8,HLA-B*15:02,0.9875743296308762,0.9957926624032313,0.9988640188488724,0.9980085268708628,0.9928755750028049,0.9918377650622686
9,HLA-C*05:01,0.9851253912768109,0.9841662302230125,0.9800464051252695,0.9339290281719304,0.9346369803783053,0.9671738547921513
10,HLA-B*37:01,0.9936466295947975,0.9952540562987571,0.9508903878936559,0.9939153337602357,0.9922950389184831,0.9951183955918558
11,HLA-B*58:01,0.9914072798489167,0.9904202347014901,0.995343501830127,0.9780334160317106,0.98742966268445,0.9823012594254533
12,HLA-C*04:01,0.8429476598313494,0.8592538531192816,0.8442196529520144,0.8141076279499706,0.7919478689153414,0.8429374414407617
13,HLA-A*23:01,0.8899272727272727,0.9163797520661157,0.8869117768595041,0.9000530991735537,0.8803942148760331,0.9662469008264463
14,HLA-B*38:01,0.997378576433192,0.9979708175754292,0.9957628987028222,0.9965959269371956,0.9936704685156162,0.993168044516848
15,HLA-C*02:02,0.9604405141677613,0.9846398636392069,0.9670122599612185,0.9358795427534872,0.9080111965972353,0.9760919027960218
16,HLA-A*31:01,0.9967270978810827,0.996371941557661,0.9967398470824365,0.9979746982992564,0.9966460493867634,0.9898297799487846
17,HLA-C*16:01,0.9696878056060673,0.9604170185022995,0.9699774563363798,0.9796272440567597,0.8917953239571591,0.9229833436102067
18,HLA-C*06:02,0.9901281468832736,0.9900043864458823,0.9868962762207636,0.990569924647126,0.9770357808656964,0.9840685852145443
19,HLA-A*02:02,0.9019567456230689,0.8633436319945074,0.9662341228973567,0.9395399931342259,0.47868863714383797,0.8882938551321662
20,HLA-B*35:03,0.9949378681676103,0.9947559683950911,0.9923066750157015,0.9913411707897674,0.993817290267562,0.9907298181261124
21,HLA-C*07:01,0.9730668042629363,0.9750702314292813,0.9708404201782382,0.9406568310814684,0.9434740509998024,0.9644590746650868
22,HLA-A*32:01,0.9845051614134006,0.9875731634151129,0.9870814905199752,0.9678491084915182,0.9857543884225088,0.9878141614696181
23,HLA-A*02:01,0.9680480699265833,0.9691468590714786,0.96851759479267,0.9361698117807011,0.9010087661199744,0.9591314899598283
24,HLA-A*02:07,0.8256385481431692,0.795433540581415,0.8857334901697195,0.7177995294908419,0.7268106200638548,0.808120483952277
25,HLA-B*18:01,0.9758817675224236,0.9797208742192567,0.984069252208654,0.9546823484138718,0.9423578473973372,0.9557408613998246
26,HLA-A*68:02,0.9896477247337454,0.9908032435775044,0.9927396403898974,0.9937315359598818,0.9802636478736874,0.9792017892487096
27,HLA-B*57:03,0.9798378664304782,0.9743232133118468,0.9855126951323024,0.9505411115621654,0.9439569981096717,0.9645445580281541
28,HLA-A*30:02,0.994687487815339,0.995559909541077,0.9934665847857448,0.994107497952977,0.9939125433773931,0.9920848442312941
29,HLA-B*27:04,0.9887397634212921,0.987488626023658,0.9895928116469517,0.975432211101001,0.9684940855323022,0.9696314831665152
30,HLA-B*35:08,0.9843356643356644,0.9874125874125874,0.9846153846153847,0.993006993006993,0.9882517482517482,0.982937062937063
31,HLA-C*01:02,0.9653741336163411,0.9656951377697418,0.9721135830614624,0.9753874978708909,0.9808904262149025,0.9732485620324148
32,HLA-C*14:02,0.9961214061441852,0.9988918303269101,0.9977220956719818,0.9974758357446285,0.9986455703995568,0.9963676660715386
33,HLA-B*46:01,0.9672038557120265,0.9490172452744935,0.9709315460501544,0.9761653738986369,0.9685970329091046,0.925465019956322
34,HLA-A*11:01,0.9900618823379792,0.9909867547350919,0.9921488925445608,0.9729116566357623,0.9829119425087444,0.9879965416699269
35,HLA-A*26:02,0.9375,0.8875000000000001,0.975,0.7437499999999999,0.75,0.9750000000000001
36,HLA-B*40:02,0.9949550944746551,0.9951580639295121,0.9958379529415906,0.9961934427960509,0.9958402994092768,0.9933876540602691
37,HLA-B*56:01,0.9975722089328429,0.9996072690920775,0.9972151808347317,0.9992502409939663,0.9955371487736085,0.9954657431539863
38,HLA-B*39:01,0.993188622754491,0.9902601047904191,0.9925102919161677,0.9871631736526947,0.9855164670658683,0.9833037050898202
39,HLA-A*02:03,0.9678349124582222,0.982070033422255,0.9559454818630608,0.9074218869775856,0.9079738141232024,0.9607058534940054
40,HLA-C*07:02,0.9496824659635866,0.9552399638893092,0.9334704878596066,0.9196511039330387,0.8609934092771079,0.8926515787990585
41,HLA-C*03:03,0.9491587001968783,0.957230713024417,0.958737069286299,0.9442900200937708,0.9360684879606515,0.9683499428308537
42,HLA-B*39:24,1.0,0.998650472334683,0.9993252361673415,0.9993252361673415,0.9898785425101215,0.9922402159244266
43,HLA-B*44:03,0.9955472275951,0.9943987749838814,0.9973253143133461,0.9976527240490006,0.9897319269825919,0.9947891481302386
44,HLA-B*15:03,0.924540753794719,0.9120016825127457,0.9557288833772093,0.7827092806532789,0.6319358324449376,0.9575564403251893
45,HLA-B*54:01,0.7922123275711542,0.8074035271520866,0.965252313602235,0.7266020604155753,0.7310983062685524,0.9442552819975556
46,HLA-B*40:01,0.9746030415477274,0.9735402611645577,0.9764382088009194,0.9680005807870262,0.9596727235169349,0.963673867128502
47,HLA-B*51:01,0.9707540304975663,0.9719862227324914,0.9729596869390857,0.9709189696156271,0.967007325237302,0.9683882860885173
48,HLA-A*69:01,0.9959490740740741,0.9957561728395062,0.9992283950617283,1.0,0.9996141975308642,0.9868827160493827
49,HLA-A*01:01,0.9741878261623252,0.9763163180867057,0.9766007904906864,0.9385923198600098,0.9174680111294156,0.9642888307027566
50,HLA-B*45:01,0.9971114760655904,0.9956742565304473,0.9966424500902838,0.9975695158468807,0.9966038575625861,0.9943468989354659
51,HLA-C*08:02,0.9634451231510768,0.9790898979040186,0.9565921194081789,0.9742326230734019,0.9736215799710428,0.9437167162750812
52,HLA-B*57:01,0.9931736450038531,0.9934048291805806,0.9932314410480348,0.9845095898621458,0.9726153780289408,0.9910341210720095
53,HLA-B*15:18,0.9922417313189057,0.9891792568395263,0.9942833809718253,0.9993875051041241,0.995100040832993,0.9918334013883219
54,HLA-B*15:01,0.9943023382578642,0.993576476720477,0.9949893409713811,0.993978479238103,0.9742416035130932,0.9854085648680462
55,HLA-B*73:01,0.9854136776661884,0.9863701578192252,0.9868483978957437,0.9952175992348159,0.996413199426112,0.9901960784313726
56,HLA-B*07:02,0.9901233768249122,0.9896572895961611,0.9900586050038931,0.9859650259154754,0.9816027787111217,0.9883824991937258
57,HLA-C*12:03,0.9708315354288601,0.9822071997315129,0.9639460222977035,0.9047719150725247,0.8997248745154878,0.9726810720305072
58,HLA-B*08:01,0.9845424069257273,0.9827926100682305,0.989160842452646,0.9783803469440582,0.9561445833616212,0.9696247127893853
59,HLA-A*29:02,0.9901295359772868,0.9862700736403158,0.9959852719368291,0.9810298553810665,0.994931683080472,0.9879946322420371
60,HLA-B*14:02,0.9844902352760265,0.9876169972833052,0.9883141114357477,0.9771090266031062,0.9765472346096674,0.9888974319544825
61,HLA-B*49:01,0.997433730045063,0.9960404883729203,0.9976272650854362,0.9973747568525912,0.9956610824669891,0.9857839503052565
62,HLA-B*27:06,0.9139784946236559,0.7983870967741935,0.700268817204301,0.47580645161290325,0.4798387096774194,0.8763440860215054
63,HLA-B*41:01,0.9914772727272727,0.9971590909090909,0.9943181818181819,1.0,0.9957386363636364,0.9928977272727273
64,HLA-C*03:04,0.9476839173461132,0.9462874214227921,0.9487400417003796,0.9626991659924068,0.9646927708968693,0.9680809267442584
65,HLA-B*53:01,0.9655402533367338,0.9382853013686985,0.9894648474028733,0.8929864830400408,0.8947228598146731,0.9891821814163054
66,HLA-A*33:01,0.9982840154039547,0.999940140072231,0.9967376339365883,0.9990821477742083,0.9970070036115489,0.9919687930243231
67,HLA-B*27:05,0.9952003177186253,0.9920134449223139,0.9974354876205975,0.996297318764772,0.9950308032081832,0.983610368476113
68,HLA-B*39:06,0.9910800385728062,0.9803821118611379,0.9905828109932497,0.9871926229508197,0.984073649951784,0.9916375361620058
69,HLA-B*27:02,1.0,1.0,1.0,1.0,1.0,1.0
70,HLA-C*07:04,0.9273361583363117,0.9573594731199264,0.9156447303483604,0.925431834039584,0.8987083269515495,0.9331120981603443
71,HLA-A*24:02,0.9832828059917028,0.9824731164283508,0.9846560697501648,0.9604954183674321,0.9434423101403185,0.970034443108874
72,HLA-A*02:06,0.9721014233752094,0.9728929106859876,0.9642467347463667,0.9745757424123953,0.9009567366943785,0.9689109090386525
73,HLA-A*30:01,0.9847858330711493,0.9921794237943278,0.9893542566921146,0.9883269232004007,0.9480024784420489,0.9791242624066572
74,HLA-B*18:03,0.9423076923076924,0.9423076923076924,0.9807692307692307,1.0,0.9807692307692308,0.9423076923076923
75,HLA-B*44:02,0.9950049950049951,0.9913510402640837,0.9914541979759371,0.9942788190070799,0.9889159753290189,0.9910809299396257
76,HLA-A*68:01,0.9944803595714352,0.9930637493423656,0.9934281446358321,0.994980190620578,0.9922802343132675,0.9897319284111641
77,HLA-A*02:05,0.9802336756021642,0.9864928877657512,0.978034113449666,0.9911523995918049,0.9319147547835107,0.9838231413266177
78,HLA-A*26:01,0.9927074044576953,0.9899478354786815,0.9951740443500536,0.9785814608334977,0.9849857392772298,0.9827344283571693
