,MHCflurry-PS,MHCfovea,NetMHCpan-EL,NetMHCpan-BA,MHC allele
0,0.6400434664493344,0.6666666666666667,0.7026340844176453,0.7275261324041813,HLA-A*74:01
1,0.8796680497925311,0.9446640316205535,0.9469548133595284,0.9094650205761315,HLA-B*39:06
2,0.5488565488565488,0.5378743394010569,0.5847711065102369,0.5637717121588088,HLA-C*03:03
3,0.7157894736842106,0.6504854368932038,0.7362736273627362,0.7405159332321699,HLA-B*07:04
4,0.7499999999999999,0.7499999999999999,0.7499999999999999,0.7499999999999999,HLA-A*26:02
5,0.6888973095869647,0.7341556784347085,0.7687687687687689,0.7566137566137566,HLA-B*57:03
6,0.6039004707464694,0.5683814303638646,0.6548223350253807,0.6523297491039427,HLA-C*01:02
7,1.0,0.5,0.6666666666666666,0.6666666666666666,HLA-A*24:03
8,0.6945569050832209,0.6865520728008088,0.6529017857142857,0.629080118694362,HLA-C*07:02
9,0.6051423324150597,0.6109452736318408,0.68268156424581,0.7261833433193529,HLA-A*36:01
10,0.6112232539362131,0.6090569173244703,0.6551383399209486,0.675818373812038,HLA-C*03:02
11,0.840875912408759,0.8563049853372433,0.827140549273021,0.7587412587412588,HLA-B*57:01
12,0.6688901241430425,0.5701909193004974,0.7413297989838745,0.7436708860759494,HLA-C*14:03
13,0.7379032258064516,0.6006825938566553,0.6325757575757575,0.6475409836065574,HLA-A*25:01
14,0.8318809776833156,0.8412431751364973,0.8104829976175005,0.6946308724832214,HLA-A*24:02
15,0.7230559345156891,0.673116793365584,0.6775510204081634,0.6412674462466994,HLA-B*14:02
16,0.5957446808510639,0.9105691056910569,0.96875,0.8793103448275863,HLA-B*73:01
17,0.7272727272727273,0.7999999999999999,0.6153846153846153,0.6666666666666666,HLA-B*27:03
18,0.6759425493716338,0.6409469530907497,0.686935866983373,0.7142857142857143,HLA-B*55:01
19,0.5473245671136571,0.6202294056308655,0.6791044776119404,0.5977893074667268,HLA-A*02:05
20,0.7764070932922127,0.7804054054054054,0.8090293453724604,0.7377128953771288,HLA-A*68:01
21,0.625,0.625,0.7058823529411764,0.42857142857142855,HLA-B*18:03
22,0.8161499639509734,0.8079409048938134,0.8055482857890603,0.6390041493775933,HLA-B*15:01
23,0.9428571428571428,0.9726027397260274,0.9839080459770114,0.9478672985781991,HLA-B*15:18
24,0.6632671644509196,0.6812801402893468,0.716008316008316,0.6293013555787279,HLA-A*02:06
25,0.9083333333333333,0.9429347826086957,0.9421487603305784,0.8739002932551319,HLA-B*44:03
26,0.0,0.0,0.0,0.0,HLA-A*02:17
27,0.6045955638198964,0.7094222833562586,0.7296296296296297,0.7339116401049022,HLA-A*02:02
28,0.6318335752298018,0.6941960038058992,0.6842420611144397,0.6583448913546001,HLA-A*34:02
29,0.6602357984994641,0.5932452276064611,0.6575028636884306,0.699228791773779,HLA-B*56:01
30,0.6247494076909058,0.6153846153846154,0.6635367762128327,0.6546848789839443,HLA-C*15:02
31,0.6778882938026014,0.6067335243553009,0.6775738228252195,0.6804407713498623,HLA-A*30:02
32,0.8347826086956521,0.8266199649737304,0.826241134751773,0.7502410800385728,HLA-A*03:01
33,0.7769314472252449,0.6684782608695652,0.6094069529652351,0.574074074074074,HLA-B*46:01
34,0.611019153464176,0.5844939647168059,0.7100522951772225,0.6629726205997393,HLA-B*15:03
35,0.673230192217534,0.5859415084658799,0.5705024311183144,0.542141230068337,HLA-C*07:01
36,0.6158984635938544,0.6635220125786163,0.6951111111111112,0.6215139442231076,HLA-B*40:02
37,1.0,1.0,1.0,1.0,HLA-B*15:09
38,0.6776315789473685,0.5896805896805897,0.6231454005934719,0.6928104575163397,HLA-B*54:01
39,0.8169934640522876,0.6390017411491584,0.7428381079280479,0.7727593507410022,HLA-B*15:10
40,1.0,1.0,1.0,1.0,HLA-A*26:03
41,0.7339716902581181,0.708043065231159,0.7151211361737678,0.762665449566408,HLA-B*38:02
42,0.8094258214404249,0.9011648853128377,0.8668804628057599,0.7345001062849855,HLA-B*08:01
43,0.6118282797958571,0.582920792079208,0.6442735734520437,0.6232006773920407,HLA-C*12:03
44,0.6556473829201103,0.6196943972835314,0.7234927234927235,0.7461263408820025,HLA-A*02:07
45,0.8023668639053254,0.7436904094223218,0.7907573812580231,0.7969507969507971,HLA-B*58:01
46,0.7906432748538011,0.7576197387518141,0.7684935609463912,0.7421213148085394,HLA-A*23:01
47,0.0,0.0,0.0,0.0,HLA-A*80:01
48,0.7779527559055117,0.7725806451612902,0.799342105263158,0.8222029488291414,HLA-B*50:01
49,0.786692759295499,0.7614900822447991,0.733151183970856,0.7919463087248322,HLA-B*45:01
50,0.8095238095238095,0.7251040221914008,0.7827681026581118,0.7940880080618071,HLA-B*53:01
51,0.6998045238760123,0.37915601023017903,0.7258883248730966,0.6813342796309438,HLA-B*37:01
52,0.806015037593985,0.7422429527479213,0.7771211481637821,0.8093191585614115,HLA-B*38:01
53,0.7169811320754716,0.7251908396946565,0.7551867219917012,0.7264150943396227,HLA-A*29:02
54,0.7527899898545823,0.7149049683227743,0.6932163347958151,0.6944237918215613,HLA-A*66:01
55,0.5415384615384615,0.5257306795768334,0.5496732026143791,0.5048669695003245,HLA-B*13:01
56,0.6345305608065532,0.5181644359464627,0.5704526046114432,0.5067036523347204,HLA-C*07:04
57,0.2857142857142857,0.6666666666666666,0.5,0.6666666666666666,HLA-B*27:07
58,0.5924731182795698,0.6419902912621359,0.7242380261248186,0.6993569131832796,HLA-B*15:02
59,0.7926765015806112,0.7760184057382595,0.7562160617319234,0.5535652772993455,HLA-A*02:01
60,0.8375451263537906,0.9245901639344262,0.8750000000000001,0.8218181818181817,HLA-B*15:11
61,0.6996402877697843,0.7039674465920651,0.7164835164835166,0.7178276269185359,HLA-C*05:01
62,0.7390924956369982,0.6065659197498697,0.5650644783118406,0.4822695035460993,HLA-C*02:02
63,0.8043572984749454,0.7719745222929936,0.8025134649910234,0.7892875189489642,HLA-A*24:07
64,0.9053497942386831,0.9351669941060903,0.9285714285714286,0.7863636363636364,HLA-B*27:04
65,0.6053657418023389,0.4799460734748905,0.6427725118483413,0.6373963770340805,HLA-C*08:01
66,0.5894736842105264,0.5948905109489052,0.7141242937853108,0.7291666666666667,HLA-A*02:04
67,0.696969696969697,0.6519620415491151,0.6989966555183946,0.6479468599033816,HLA-A*32:01
68,0.731784279977051,0.7492223374314916,0.7764705882352941,0.7958428747577946,HLA-B*49:01
69,0.0,0.25,0.3333333333333333,0.0,HLA-B*27:06
70,0.6372093023255814,0.696969696969697,0.6722222222222223,0.6204620462046204,HLA-B*27:05
71,0.8413547237076648,0.7587072481957954,0.8158540862855138,0.8290567401517889,HLA-B*35:03
72,0.7843616371411118,0.70950547823512,0.7533333333333334,0.7565419012918185,HLA-A*33:01
73,0.5892351274787534,0.6142506142506143,0.6527487821851079,0.6357615894039735,HLA-C*17:01
74,0.7472335468841002,0.6569080636877247,0.7778813296054675,0.7871175523349435,HLA-B*35:07
75,0.6298976790616421,0.7026419336706015,0.7177985948477752,0.7588907014681893,HLA-B*40:06
76,0.6852957135105806,0.649357900614182,0.6685271317829456,0.6134800550206327,HLA-C*06:02
77,0.4,0.6666666666666666,0.6666666666666666,0.5,HLA-B*27:02
78,0.7093093093093094,0.6426148627813754,0.652832674571805,0.6425894378194209,HLA-C*08:02
79,0.9375,0.9142857142857143,0.9090909090909091,0.9032258064516129,HLA-B*14:01
80,0.6764582459085187,0.6378683891804602,0.697459584295612,0.7305838243170862,HLA-B*55:02
81,0.6600365333874569,0.6401531263292216,0.6457180792210665,0.643825486812916,HLA-A*11:01
82,0.7967193907439954,0.7891231964483907,0.7997557997557997,0.7739463601532568,HLA-B*07:02
83,0.5503685503685505,0.5887207702888584,0.62453531598513,0.6166666666666667,HLA-C*12:02
84,0.9593495934959351,0.9841269841269841,0.9841269841269841,0.8869565217391304,HLA-B*39:24
85,0.5987624940504521,0.6630785791173305,0.7203791469194314,0.7554309740714785,HLA-A*02:03
86,0.683956574185766,0.5728364644287034,0.6455579465109129,0.5862524785194977,HLA-C*04:01
87,0.9319371727748691,0.9595959595959596,0.9514066496163684,0.8323699421965317,HLA-A*02:20
88,0.6784500339904826,0.7042989152269987,0.7353350566713064,0.7246581801037246,HLA-B*13:02
89,0.686052773290253,0.5371856607811664,0.7151370679380215,0.7111665626949469,HLA-C*04:03
90,0.8386683738796415,0.7423913043478262,0.7321624588364435,0.7713787085514834,HLA-A*26:01
91,0.6024478694469627,0.6307456588355465,0.666860465116279,0.6684403059527768,HLA-A*02:11
92,0.6337448559670782,0.6364186327888688,0.6530291109362707,0.6502636203866432,HLA-B*58:02
93,0.7797109997051018,0.8158921603405462,0.8120130330075082,0.788857371445196,HLA-B*18:01
94,0.591111111111111,0.5842696629213482,0.5822784810126581,0.6086956521739131,HLA-B*51:01
95,0.7302499281815571,0.6788830715532287,0.7304820095044128,0.7238372093023256,HLA-B*15:17
96,0.6784646061814557,0.6732729331823329,0.6611475877819012,0.6338582677165354,HLA-A*34:01
97,0.6662189388851577,0.5324309080654259,0.5747724317295189,0.5231235784685369,HLA-A*30:01
98,0.6988915137197891,0.660476970689969,0.7472984206151289,0.733437430292215,HLA-B*42:01
99,0.6635262449528937,0.6896197327852004,0.7237945492662473,0.7136615205359743,HLA-A*33:03
100,0.5179962894248608,0.5069397042093289,0.51440329218107,0.49045346062052503,HLA-C*16:01
101,0.7097791798107256,0.6347941567065074,0.6737352317479551,0.6521597921403053,HLA-C*03:04
102,0.6438569206842923,0.5936139332365747,0.7084942084942085,0.7280080889787663,HLA-C*14:02
103,0.6745953088866865,0.7043701799485861,0.6958495460440985,0.6501007387508395,HLA-A*01:01
104,0.8401826484018265,0.9397590361445783,0.9596774193548386,0.9191489361702128,HLA-A*69:01
105,0.3855421686746988,0.4327970939283861,0.43063738618103914,0.4732272069464544,HLA-B*52:01
106,0.9038461538461539,0.9335548172757474,0.9217687074829931,0.8767857142857143,HLA-B*39:01
107,0.8979591836734693,0.9130434782608695,0.9361702127659575,0.9523809523809523,HLA-B*41:01
108,0.7729468599033816,0.7235576923076923,0.7146529562982005,0.5682888540031397,HLA-A*68:02
109,0.8577055637616937,0.8396001903855307,0.787267904509284,0.7197740112994351,HLA-B*35:01
110,0.8909853249475892,0.8953974895397491,0.9045643153526971,0.8164196123147093,HLA-B*44:02
111,0.8625954198473282,0.8740740740740742,0.8286852589641435,0.7950819672131149,HLA-B*35:08
112,0.75275451740855,0.727741935483871,0.7572463768115942,0.7621722846441947,HLA-B*40:01
113,0.9067017082785808,0.9048239895697523,0.918774966711052,0.8876560332871013,HLA-A*31:01
114,0.7108401802279353,0.7108301264431007,0.7245714285714285,0.738778054862843,HLA-A*11:02
